genome,Fe_genes
A-baumannii-104,19
A-baumannii-106,20
A-baumannii-120,20
A-baumannii-126,23
A-baumannii-128,20
A-baumannii-133,17
A-baumannii-138,22
A-baumannii-156,19
A-baumannii-21,18
A-baumannii-221,19
A-baumannii-222,18
A-baumannii-223,19
A-baumannii-24,20
A-baumannii-35,22
A-baumannii-78,21
A-baumannii-86,20
A-baumannii-91,20
A-baumannii-97,21
A-calcoaceticus-54,27
A-gerneri-198,18
A-junii-150,15
A-junii-81,14
A-junii-82,15
A-oleivorans-117,23
A-oleivorans-118,23
A-oleivorans-152,24
A-oleivorans-154,23
A-oleivorans-52,23
A-oleivorans-56,25
A-oleivorans-62,26
A-oleivorans-68,22
A-oleivorans-75,27
A-pitti-112,21
A-pitti-149,17
A-pitti-50,21
A-pitti-77,20
A-schindleri-93,12
A-soli-85,16
A-towneri-193,7
A-towneri-194,7
A-towneri-196,8
A-towneri-203,7
A-towneri-206,7
A-towneri-227,7
A-towneri-234,7
A-towneri-236,7
A-towneri-238,7
A-variabilis-178,11
A-variabilis-188,10
GCA_000069205.1_ASM6920v1_genomic,12
GCA_000156555.1_ASM15655v1_genomic,17
GCA_000162035.1_ASM16203v1_genomic,28
GCA_000162055.1_ASM16205v1_genomic,11
GCA_000162075.1_ASM16207v1_genomic,14
GCA_000162095.1_ASM16209v1_genomic,10
GCA_000162375.2_Acin_sp_RUH2624_V1_genomic,16
GCA_000164055.1_ASM16405v1_genomic,15
GCA_000186565.1_ASM18656v1_genomic,17
GCA_000191145.1_ASM19114v1_genomic,22
GCA_000196795.1_ASM19679v1_genomic,26
GCA_000215005.2_AcbauOIFC032v1.0_genomic,20
GCA_000241225.2_ASM24122v2_genomic,15
GCA_000264725.1_ASM26472v1_genomic,11
GCA_000286595.1_gacin12v1.0_genomic,13
GCA_000292385.1_ASM29238v1_genomic,21
GCA_000297575.1_gacin25v1.0_genomic,20
GCA_000301675.1_ASM30167v1_genomic,24
GCA_000301835.1_ASM30183v1_genomic,20
GCA_000302295.1_ASM30229v1_genomic,25
GCA_000304675.1_GACIN20v1.0_genomic,21
GCA_000305275.1_gacin22v1.0_genomic,19
GCA_000308235.2_ASM30823v2_genomic,14
GCA_000309035.1_ASM30903v1_genomic,17
GCA_000314615.1_gacin30v1.0_genomic,20
GCA_000335575.1_gacin41v1.0_genomic,18
GCA_000338835.1_454_genomic,23
GCA_000367865.1_Acin_calc_NIPH_13_V1_genomic,23
GCA_000367925.1_Acin_sp_ANC_3994_V1_genomic,14
GCA_000367945.1_Acin_sp_NIPH_809_V1_genomic,26
GCA_000368005.1_Acin_parv_NIPH_1103_V1_genomic,7
GCA_000368025.1_Acin_parv_CIP108168_V1_genomic,10
GCA_000368065.1_Acin_sp_NIPH_973_V1_genomic,18
GCA_000368085.1_Acin_noso_NIPH_2119_V1_genomic,17
GCA_000368145.1_Acin_guil_CIP_63_46_V1_genomic,31
GCA_000368165.1_Acin_lwof_NIPH_715_V1_genomic,11
GCA_000368205.1_Acin_baum_NIPH_615_V1_genomic,19
GCA_000368285.1_Acin_sp_CIP_102159_V1_genomic,10
GCA_000368305.1_Acin_sp_CIP_102129_V1_genomic,10
GCA_000368345.1_Acin_sp_NIPH_758_V1_genomic,21
GCA_000368385.1_Acin_sp_NIPH_899_V1_genomic,10
GCA_000368425.1_Acin_sp_CIP_102637_V1_genomic,9
GCA_000368465.1_Acin_schi_NIPH_900_V1_genomic,10
GCA_000368485.1_Acin_guil_NIPH_991_V1_genomic,29
GCA_000368505.1_Acin_bere_NIPH_3_V1_genomic,25
GCA_000368525.1_Acin_baum_NIPH_190_V1_genomic,18
GCA_000368545.1_Acin_baum_NIPH_60_V1_genomic,20
GCA_000368565.1_Acin_gern_CIP_107464_V1_genomic,18
GCA_000368585.1_Acin_vene_CIP_110063_V1_genomic,15
GCA_000368605.1_Acin_noso_NIPH_386_V1_genomic,17
GCA_000368625.1_Acin_schi_CIP107287_V1_genomic,10
GCA_000368645.1_Acin_bris_ANC_4119_V1_genomic,7
GCA_000368705.1_Acin_soli_CIP_110264_V1_genomic,14
GCA_000368725.1_Acin_soli_NIPH_2899_V1_genomic,15
GCA_000368745.1_Acin_juni_NIPH_182_V1_genomic,13
GCA_000368785.1_Acin_town_CIP_107472_V1_genomic,9
GCA_000368805.1_Acin_john_ANC_3681_V1_genomic,14
GCA_000368885.1_Acin_radi_NIPH_2130_V1_genomic,11
GCA_000368905.1_Acin_radi_CIP_103788_V1_genomic,10
GCA_000368945.1_Acin_calc_ANC_3680_V1_genomic,24
GCA_000369085.1_Acin_haem_NIPH_261_V1_genomic,16
GCA_000369125.1_Acin_lwof_CIP_70_31_V1_genomic,9
GCA_000369145.1_Acin_lwof_NIPH_478_V1_genomic,13
GCA_000369165.1_Acin_baum_NIPH_201_V1_genomic,21
GCA_000369225.1_Acin_baum_NIPH_329_V1_genomic,19
GCA_000369265.1_Acin_baum_NIPH_67_V1_genomic,22
GCA_000369345.1_Acin_baum_NIPH_80_V1_genomic,18
GCA_000369445.1_Acin_sp_NIPH_713_V1_genomic,9
GCA_000369465.1_Acin_sp_CIP_53_82_V1_genomic,11
GCA_000369565.1_Acin_sp_ANC_3862_V1_genomic,15
GCA_000369585.1_Acin_sp_CIP_101934_V1_genomic,11
GCA_000369605.1_Acin_sp_NIPH_1847_V1_genomic,21
GCA_000369685.1_Acin_sp_CIP_102136_V1_genomic,10
GCA_000369705.1_Acin_sp_NIPH_2168_V1_genomic,28
GCA_000369725.1_Acin_sp_CIP_101966_V1_genomic,10
GCA_000369745.1_Acin_sp_CIP_64_7_V1_genomic,10
GCA_000369765.1_Acin_sp_NIPH_1859_V1_genomic,24
GCA_000369785.1_Acin_sp_NIPH_3623_V1_genomic,21
GCA_000369825.1_Acin_sp_NIPH_542_V1_genomic,22
GCA_000369885.1_Acin_ursi_NIPH_706_V1_genomic,21
GCA_000374425.1_ASM37442v1_genomic,18
GCA_000399685.1_Acin_pitt_ANC_4050_V1_genomic,19
GCA_000399705.1_Acin_pitt_ANC_4052_V1_genomic,23
GCA_000400735.1_Acin_tand_CIP_107469_V1_genomic,17
GCA_000413895.1_Acin_rudi_CIP_110305_V1_genomic,37
GCA_000413915.1_Acin_baum_NIPH_410_V1_genomic,18
GCA_000413935.1_Acin_sp_NIPH_2036_V1_genomic,17
GCA_000414075.1_Acinetobacter_gyllenbergii_genomic,30
GCA_000430225.1_Acinetobacter_junii_genomic,12
GCA_000453165.1_ASM45316v1_genomic,20
GCA_000453225.1_ASM45322v1_genomic,21
GCA_000453465.1_ASM45346v1_genomic,16
GCA_000475335.1_De_Novo_assembly_genomic,15
GCA_000488195.1_Acin_gyll_NIPH_230_V1_genomic,31
GCA_000488215.1_Acin_nect_CIP110549_V2_genomic,8
GCA_000488255.1_Acin_indi_CIP110367_V2_genomic,9
GCA_000505685.2_ASM50568v2_genomic,22
GCA_000516615.2_ASM51661v2_genomic,21
GCA_000580595.1_ASM58059v1_genomic,20
GCA_000580975.1_ASM58097v1_genomic,18
GCA_000581275.1_ASM58127v1_genomic,23
GCA_000581835.1_ASM58183v1_genomic,18
GCA_000581895.1_ASM58189v1_genomic,19
GCA_000581995.1_ASM58199v1_genomic,20
GCA_000582925.1_ASM58292v1_genomic,12
GCA_000584095.1_ASM58409v1_genomic,20
GCA_000584415.1_ASM58441v1_genomic,20
GCA_000584575.1_ASM58457v1_genomic,19
GCA_000588035.1_ASM58803v1_genomic,19
GCA_000588475.1_ASM58847v1_genomic,19
GCA_000588515.1_ASM58851v1_genomic,18
GCA_000588535.1_ASM58853v1_genomic,24
GCA_000588715.2_ASM58871v2_genomic,20
GCA_000627635.1_ASM62763v1_genomic,24
GCA_000633005.1_AciSoi1.0_genomic,13
GCA_000681815.1_ASM68181v1_genomic,22
GCA_000731965.1_ASM73196v1_genomic,23
GCA_000759395.1_ASM75939v1_genomic,21
GCA_000775795.1_ASM77579v1_genomic,16
GCA_000775815.1_ASM77581v1_genomic,14
GCA_000804305.1_ASM80430v1_genomic,10
GCA_000805655.1_ASM80565v1_genomic,22
GCA_000813495.1_ASM81349v1_genomic,14
GCA_000814165.3_ASM81416v3_genomic,18
GCA_000816495.1_ASM81649v1_genomic,9
GCA_000817365.1_ASM81736v1_genomic,23
GCA_000818215.1_ASM81821v1_genomic,24
GCA_000825165.1_AberCHI-40-1_genomic,24
GCA_000934145.1_ASM93414v1_genomic,20
GCA_000952075.1_ASM95207v1_genomic,24
GCA_000964015.1_ASM96401v1_genomic,6
GCA_001005515.1_ASM100551v1_genomic,24
GCA_001005525.1_ASM100552v1_genomic,15
GCA_001005885.2_ASM100588v2_genomic,16
GCA_001053755.1_ASM105375v1_genomic,21
GCA_001054715.1_ASM105471v1_genomic,12
GCA_001077555.2_ASM107755v2_genomic,21
GCA_001278715.1_ASM127871v1_genomic,7
GCA_001307195.1_ASM130719v1_genomic,6
GCA_001415555.1_ASM141555v1_genomic,23
GCA_001415665.1_ASM141566v1_genomic,18
GCA_001416335.1_ASM141633v1_genomic,19
GCA_001416475.1_ASM141647v1_genomic,19
GCA_001423205.1_Leaf130_genomic,20
GCA_001425285.1_Root1280_genomic,29
GCA_001432505.1_ASM143250v1_genomic,22
GCA_001432705.1_ASM143270v1_genomic,19
GCA_001432835.1_ASM143283v1_genomic,22
GCA_001433155.1_ASM143315v1_genomic,14
GCA_001433295.1_ASM143329v1_genomic,21
GCA_001446715.1_ASM144671v1_genomic,18
GCA_001457535.1_CIP70.10_genomic,19
GCA_001484935.1_ASM148493v1_genomic,13
GCA_001500155.3_ASM150015v3_genomic,27
GCA_001541635.1_ASM154163v1_genomic,18
GCA_001575095.1_ASM157509v1_genomic,15
GCA_001577485.1_ASM157748v1_genomic,17
GCA_001584645.1_ASM158464v1_genomic,15
GCA_001584655.1_ASM158465v1_genomic,15
GCA_001584665.1_ASM158466v1_genomic,16
GCA_001595745.2_ASM159574v2_genomic,24
GCA_001605865.1_ASM160586v1_genomic,21
GCA_001605885.1_ASM160588v1_genomic,24
GCA_001605895.1_ASM160589v1_genomic,15
GCA_001612025.1_ASM161202v1_genomic,18
GCA_001617545.1_ASM161754v1_genomic,19
GCA_001632325.1_ASM163232v1_genomic,13
GCA_001647595.1_ASM164759v1_genomic,7
GCA_001648035.1_ASM164803v1_genomic,18
GCA_001649615.1_ASM164961v1_genomic,21
GCA_001678755.1_ASM167875v1_genomic,10
GCA_001682515.1_ASM168251v1_genomic,28
GCA_001693105.1_ASM169310v1_genomic,18
GCA_001696605.3_ASM169660v3_genomic,14
GCA_001698835.1_ASM169883v1_genomic,20
GCA_001704115.1_ASM170411v1_genomic,54
GCA_001704615.3_ASM170461v3_genomic,10
GCA_001706035.1_ASM170603v1_genomic,18
GCA_001706115.1_ASM170611v1_genomic,20
GCA_001706135.1_ASM170613v1_genomic,19
GCA_001706275.1_ASM170627v1_genomic,22
GCA_001706305.1_ASM170630v1_genomic,21
GCA_001706315.2_ASM170631v2_genomic,21
GCA_001706435.1_ASM170643v1_genomic,19
GCA_001706635.1_ASM170663v1_genomic,20
GCA_001707545.1_ASM170754v1_genomic,18
GCA_001707675.1_ASM170767v1_genomic,20
GCA_001707755.1_ASM170775v1_genomic,12
GCA_001713665.2_ASM171366v2_genomic,19
GCA_001716945.1_ASM171694v1_genomic,15
GCA_001716955.1_ASM171695v1_genomic,19
GCA_001720685.1_ASM172068v1_genomic,9
GCA_001721705.1_ASM172170v1_genomic,18
GCA_001729365.1_ASM172936v1_genomic,25
GCA_001753605.1_ASM175360v1_genomic,25
GCA_001767535.1_ASM176753v1_genomic,13
GCA_001863785.1_ASM186378v1_genomic,22
GCA_001864575.1_ASM186457v1_genomic,21
GCA_001878775.1_ASM187877v1_genomic,10
GCA_001891205.1_ASM189120v1_genomic,21
GCA_001895125.2_ASM189512v2_genomic,19
GCA_001897345.1_ASM189734v1_genomic,16
GCA_001917365.1_ASM191736v1_genomic,11
GCA_001922625.1_ASM192262v1_genomic,10
GCA_001932555.1_ASM193255v1_genomic,17
GCA_001936495.1_ASM193649v1_genomic,21
GCA_001941805.1_ASM194180v1_genomic,14
GCA_001953195.1_ASM195319v1_genomic,18
GCA_001971565.1_ASM197156v1_genomic,12
GCA_001990725.1_ASM199072v1_genomic,21
GCA_002012285.1_ASM201228v1_genomic,20
GCA_002014315.1_ASM201431v1_genomic,18
GCA_002018895.1_ASM201889v1_genomic,13
GCA_002018925.1_ASM201892v1_genomic,11
GCA_002055515.1_ASM205551v1_genomic,24
GCA_002076935.1_ASM207693v1_genomic,25
GCA_002082665.1_ASM208266v1_genomic,18
GCA_002119785.3_ASM211978v3_genomic,11
GCA_002135195.1_ASM213519v1_genomic,8
GCA_002136685.1_ASM213668v1_genomic,22
GCA_002136865.1_ASM213686v1_genomic,19
GCA_002136995.1_ASM213699v1_genomic,17
GCA_002138175.1_ASM213817v1_genomic,19
GCA_002142735.1_ASM214273v1_genomic,19
GCA_002143345.1_ASM214334v1_genomic,23
GCA_002143595.1_ASM214359v1_genomic,22
GCA_002144875.1_ASM214487v1_genomic,19
GCA_002144885.1_ASM214488v1_genomic,18
GCA_002145155.1_ASM214515v1_genomic,20
GCA_002145325.1_ASM214532v1_genomic,17
GCA_002145415.1_ASM214541v1_genomic,21
GCA_002148745.1_ASM214874v1_genomic,20
GCA_002148925.1_AP_C917_1.0_genomic,19
GCA_002158945.1_ASM215894v1_genomic,21
GCA_002165245.3_ASM216524v3_genomic,13
GCA_002165295.2_ASM216529v2_genomic,13
GCA_002165345.2_ASM216534v2_genomic,21
GCA_002165375.2_ASM216537v2_genomic,19
GCA_002174105.1_ASM217410v1_genomic,10
GCA_002174125.1_ASM217412v1_genomic,42
GCA_002204165.1_ASM220416v1_genomic,14
GCA_002233755.1_ASM223375v1_genomic,10
GCA_002294155.1_ASM229415v1_genomic,24
GCA_002307975.1_ASM230797v1_genomic,10
GCA_002321025.1_ASM232102v1_genomic,10
GCA_002324975.1_ASM232497v1_genomic,10
GCA_002328335.1_ASM232833v1_genomic,12
GCA_002332885.1_ASM233288v1_genomic,24
GCA_002333245.1_ASM233324v1_genomic,7
GCA_002333325.1_ASM233332v1_genomic,11
GCA_002337895.1_ASM233789v1_genomic,19
GCA_002339435.1_ASM233943v1_genomic,10
GCA_002340885.1_ASM234088v1_genomic,11
GCA_002362745.1_ASM236274v1_genomic,22
GCA_002364825.1_ASM236482v1_genomic,8
GCA_002365255.1_ASM236525v1_genomic,9
GCA_002365665.1_ASM236566v1_genomic,8
GCA_002367535.1_ASM236753v1_genomic,19
GCA_002370525.2_ASM237052v2_genomic,31
GCA_002378405.1_ASM237840v1_genomic,7
GCA_002379505.1_ASM237950v1_genomic,14
GCA_002380985.1_ASM238098v1_genomic,13
GCA_002381195.1_ASM238119v1_genomic,10
GCA_002387225.1_ASM238722v1_genomic,14
GCA_002387425.1_ASM238742v1_genomic,9
GCA_002412355.1_ASM241235v1_genomic,11
GCA_002419765.1_ASM241976v1_genomic,8
GCA_002421385.1_ASM242138v1_genomic,9
GCA_002429925.1_ASM242992v1_genomic,10
GCA_002430345.1_ASM243034v1_genomic,10
GCA_002438375.1_ASM243837v1_genomic,10
GCA_002476835.1_ASM247683v1_genomic,19
GCA_002483505.1_ASM248350v1_genomic,9
GCA_002484285.1_ASM248428v1_genomic,11
GCA_002504145.1_ASM250414v1_genomic,20
GCA_002573735.1_ASM257373v1_genomic,18
GCA_002761875.1_ASM276187v1_genomic,15
GCA_002794295.1_ASM279429v1_genomic,21
GCA_002795345.1_ASM279534v1_genomic,20
GCA_002797085.1_ASM279708v1_genomic,11
GCA_002797235.1_ASM279723v1_genomic,12
GCA_002797255.1_ASM279725v1_genomic,10
GCA_002803605.1_ASM280360v1_genomic,10
GCA_002813045.1_ASM281304v1_genomic,27
GCA_002813065.1_ASM281306v1_genomic,15
GCA_002835245.1_ASM283524v1_genomic,29
GCA_002863025.1_ASM286302v1_genomic,18
GCA_002863745.1_ASM286374v1_genomic,20
GCA_002885855.1_ASM288585v1_genomic,18
GCA_002899995.1_ASM289999v1_genomic,21
GCA_002902805.2_ASM290280v2_genomic,19
GCA_002918965.1_ASM291896v1_genomic,10
GCA_002927815.1_ASM292781v1_genomic,14
GCA_002927935.1_ASM292793v1_genomic,22
GCA_002927955.1_ASM292795v1_genomic,18
GCA_002928115.1_ASM292811v1_genomic,17
GCA_002928155.1_ASM292815v1_genomic,19
GCA_002934695.1_ASM293469v1_genomic,10
GCA_002934965.1_ASM293496v1_genomic,15
GCA_002938445.1_ASM293844v1_genomic,9
GCA_002938505.1_ASM293850v1_genomic,10
GCA_002938515.1_ASM293851v1_genomic,9
GCA_002938545.1_ASM293854v1_genomic,9
GCA_002938565.1_ASM293856v1_genomic,11
GCA_002938585.1_ASM293858v1_genomic,9
GCA_002938605.1_ASM293860v1_genomic,9
GCA_002938625.1_ASM293862v1_genomic,8
GCA_002938645.1_ASM293864v1_genomic,9
GCA_002938675.1_ASM293867v1_genomic,8
GCA_002938685.1_ASM293868v1_genomic,9
GCA_002938695.1_ASM293869v1_genomic,9
GCA_002938745.1_ASM293874v1_genomic,10
GCA_002938765.1_ASM293876v1_genomic,9
GCA_002938785.1_ASM293878v1_genomic,8
GCA_002938815.1_ASM293881v1_genomic,9
GCA_002938825.1_ASM293882v1_genomic,9
GCA_002938865.1_ASM293886v1_genomic,9
GCA_002938885.1_ASM293888v1_genomic,9
GCA_002938905.1_ASM293890v1_genomic,9
GCA_002938915.1_ASM293891v1_genomic,10
GCA_002946595.1_ASM294659v1_genomic,9
GCA_002951295.1_ASM295129v1_genomic,19
GCA_002953575.2_ASM295357v2_genomic,10
GCA_002980175.2_ASM298017v2_genomic,30
GCA_002999115.2_ASM299911v2_genomic,18
GCA_002999215.3_ASM299921v3_genomic,21
GCA_003000705.1_ASM300070v1_genomic,16
GCA_003007235.1_ASM300723v1_genomic,17
GCA_003007245.1_ASM300724v1_genomic,24
GCA_003012895.3_ASM301289v3_genomic,13
GCA_003024515.2_ASM302451v2_genomic,19
GCA_003024525.3_ASM302452v3_genomic,10
GCA_003053305.1_ASM305330v1_genomic,25
GCA_003053325.1_ASM305332v1_genomic,17
GCA_003053365.1_ASM305336v1_genomic,21
GCA_003057525.1_ASM305752v1_genomic,21
GCA_003069395.1_ASM306939v1_genomic,10
GCA_003072585.2_ASM307258v2_genomic,12
GCA_003143895.1_ASM314389v1_genomic,19
GCA_003185755.1_ASM318575v1_genomic,21
GCA_003231185.1_ASM323118v1_genomic,18
GCA_003240535.1_ASM324053v1_genomic,18
GCA_003240765.1_ASM324076v1_genomic,10
GCA_003241525.1_ASM324152v1_genomic,15
GCA_003289665.1_ASM328966v1_genomic,10
GCA_003293765.1_ASM329376v1_genomic,12
GCA_003323815.1_ASM332381v1_genomic,16
GCA_003350215.1_ASM335021v1_genomic,12
GCA_003359215.2_ASM335921v2_genomic,13
GCA_003359305.2_ASM335930v2_genomic,16
GCA_003419885.1_ASM341988v1_genomic,11
GCA_003444855.1_ASM344485v1_genomic,8
GCA_003513605.1_ASM351360v1_genomic,19
GCA_003519025.1_ASM351902v1_genomic,8
GCA_003525285.1_ASM352528v1_genomic,12
GCA_003527345.1_ASM352734v1_genomic,9
GCA_003527545.1_ASM352754v1_genomic,8
GCA_003569495.1_ASM356949v1_genomic,24
GCA_003569515.1_ASM356951v1_genomic,21
GCA_003569585.1_ASM356958v1_genomic,15
GCA_003590295.1_ASM359029v1_genomic,20
GCA_003594775.1_ASM359477v1_genomic,10
GCA_003611455.1_ASM361145v1_genomic,27
GCA_003611465.1_ASM361146v1_genomic,9
GCA_003611475.1_ASM361147v1_genomic,11
GCA_003611515.1_ASM361151v1_genomic,12
GCA_003611535.1_ASM361153v1_genomic,10
GCA_003611575.1_ASM361157v1_genomic,11
GCA_003615295.1_ASM361529v1_genomic,17
GCA_003664635.1_ASM366463v1_genomic,10
GCA_003664655.1_ASM366465v1_genomic,10
GCA_003812065.1_ASM381206v1_genomic,14
GCA_003812385.1_ASM381238v1_genomic,19
GCA_003815055.1_ASM381505v1_genomic,24
GCA_003938405.2_ASM393840v2_genomic,11
GCA_003938595.1_ASM393859v1_genomic,12
GCA_003938865.1_ASM393886v1_genomic,24
GCA_003939335.2_ASM393933v2_genomic,14
GCA_003939355.2_ASM393935v2_genomic,13
GCA_003939565.1_ASM393956v1_genomic,22
GCA_003939585.1_ASM393958v1_genomic,18
GCA_003939835.1_ASM393983v1_genomic,16
GCA_003940305.1_ASM394030v1_genomic,15
GCA_003947665.1_ASM394766v1_genomic,15
GCA_003947885.1_ASM394788v1_genomic,17
GCA_003948005.1_ASM394800v1_genomic,28
GCA_003948045.1_ASM394804v1_genomic,22
GCA_003948385.1_ASM394838v1_genomic,26
GCA_003948415.1_ASM394841v1_genomic,17
GCA_003948495.1_ASM394849v1_genomic,20
GCA_003948775.1_ASM394877v1_genomic,20
GCA_003948835.1_ASM394883v1_genomic,21
GCA_003949235.1_ASM394923v1_genomic,18
GCA_003952705.1_ASM395270v1_genomic,18
GCA_003952785.1_ASM395278v1_genomic,13
GCA_003957055.1_ASM395705v1_genomic,13
GCA_003966675.1_ASM396667v1_genomic,19
GCA_003999925.1_ASM399992v1_genomic,26
GCA_004028375.1_ASM402837v1_genomic,19
GCA_004123275.1_ASM412327v1_genomic,15
GCA_004151415.2_ASM415141v2_genomic,10
GCA_004194555.1_ASM419455v1_genomic,17
GCA_004208515.1_ASM420851v1_genomic,16
GCA_004209115.1_ASM420911v1_genomic,15
GCA_004209125.1_ASM420912v1_genomic,17
GCA_004209135.1_ASM420913v1_genomic,11
GCA_004209305.1_ASM420930v1_genomic,21
GCA_004209325.1_ASM420932v1_genomic,15
GCA_004209355.1_ASM420935v1_genomic,13
GCA_004209405.1_ASM420940v1_genomic,15
GCA_004209445.1_ASM420944v1_genomic,17
GCA_004209565.1_ASM420956v1_genomic,24
GCA_004209605.1_ASM420960v1_genomic,18
GCA_004295305.1_ASM429530v1_genomic,17
GCA_004296295.1_ASM429629v1_genomic,19
GCA_004296305.1_ASM429630v1_genomic,16
GCA_004331005.1_ASM433100v1_genomic,9
GCA_004331155.1_ASM433115v1_genomic,8
GCA_004331165.1_ASM433116v1_genomic,9
GCA_004337595.1_ASM433759v1_genomic,12
GCA_004354145.1_ASM435414v1_genomic,24
GCA_004354165.1_ASM435416v1_genomic,21
GCA_004360215.1_ASM436021v1_genomic,16
GCA_004378605.1_ASM437860v1_genomic,23
GCA_004379355.1_ASM437935v1_genomic,16
GCA_004564095.1_ASM456409v1_genomic,17
GCA_004792395.1_ASM479239v1_genomic,17
GCA_004920505.1_ASM492050v1_genomic,14
GCA_005280435.1_ASM528043v1_genomic,22
GCA_005281455.1_ASM528145v1_genomic,17
GCA_005298065.1_ASM529806v1_genomic,20
GCA_005519305.1_ASM551930v1_genomic,10
GCA_005785665.1_ASM578566v1_genomic,20
GCA_005924195.1_ASM592419v1_genomic,10
GCA_006334895.1_ASM633489v1_genomic,25
GCA_006352475.1_ASM635247v1_genomic,24
GCA_006367385.1_ASM636738v1_genomic,18
GCA_006491875.1_ASM649187v1_genomic,21
GCA_006492215.1_ASM649221v1_genomic,20
GCA_006493845.1_ASM649384v1_genomic,18
GCA_006493855.1_ASM649385v1_genomic,18
GCA_006494615.1_ASM649461v1_genomic,20
GCA_006494665.1_ASM649466v1_genomic,21
GCA_006538605.1_ASM653860v1_genomic,21
GCA_007107525.1_ASM710752v1_genomic,19
GCA_007680785.1_ASM768078v1_genomic,25
GCA_007713425.1_ASM771342v1_genomic,20
GCA_007833195.1_ASM783319v1_genomic,21
GCA_007833615.1_ASM783361v1_genomic,11
GCA_008086325.1_ASM808632v1_genomic,17
GCA_008580825.1_ASM858082v1_genomic,13
GCA_008802935.1_ASM880293v1_genomic,17
GCA_008867985.1_ASM886798v1_genomic,15
GCA_008931365.1_ASM893136v1_genomic,19
GCA_008975545.1_ASM897554v1_genomic,19
GCA_008976645.1_ASM897664v1_genomic,20
GCA_008977645.1_ASM897764v1_genomic,24
GCA_008977755.1_ASM897775v1_genomic,16
GCA_008979625.1_ASM897962v1_genomic,14
GCA_008979805.1_ASM897980v1_genomic,13
GCA_008979925.1_ASM897992v1_genomic,20
GCA_008980005.1_ASM898000v1_genomic,14
GCA_008980735.1_ASM898073v1_genomic,14
GCA_008980825.1_ASM898082v1_genomic,23
GCA_008981005.1_ASM898100v1_genomic,22
GCA_008981065.1_ASM898106v1_genomic,21
GCA_008981125.1_ASM898112v1_genomic,5
GCA_008981285.1_ASM898128v1_genomic,16
GCA_008981305.1_ASM898130v1_genomic,18
GCA_008981685.1_ASM898168v1_genomic,14
GCA_008982285.1_ASM898228v1_genomic,20
GCA_008982805.1_ASM898280v1_genomic,22
GCA_008983005.1_ASM898300v1_genomic,16
GCA_008983085.1_ASM898308v1_genomic,24
GCA_008983275.1_ASM898327v1_genomic,22
GCA_008983685.1_ASM898368v1_genomic,14
GCA_008983765.1_ASM898376v1_genomic,17
GCA_008983965.1_ASM898396v1_genomic,22
GCA_008984225.1_ASM898422v1_genomic,23
GCA_008985145.1_ASM898514v1_genomic,21
GCA_008985485.1_ASM898548v1_genomic,14
GCA_008985605.1_ASM898560v1_genomic,21
GCA_008986045.1_ASM898604v1_genomic,22
GCA_008986165.1_ASM898616v1_genomic,23
GCA_008986285.1_ASM898628v1_genomic,20
GCA_008986505.1_ASM898650v1_genomic,14
GCA_008986705.1_ASM898670v1_genomic,21
GCA_008986845.1_ASM898684v1_genomic,18
GCA_008986885.1_ASM898688v1_genomic,22
GCA_008986985.1_ASM898698v1_genomic,20
GCA_008987205.1_ASM898720v1_genomic,13
GCA_008987725.1_ASM898772v1_genomic,21
GCA_008987785.1_ASM898778v1_genomic,20
GCA_008988105.1_ASM898810v1_genomic,19
GCA_008988705.1_ASM898870v1_genomic,23
GCA_008988725.1_ASM898872v1_genomic,13
GCA_008988765.1_ASM898876v1_genomic,17
GCA_008988845.1_ASM898884v1_genomic,18
GCA_008990525.1_ASM899052v1_genomic,22
GCA_008990945.1_ASM899094v1_genomic,19
GCA_008991185.1_ASM899118v1_genomic,20
GCA_008994355.1_ASM899435v1_genomic,16
GCA_008995815.1_ASM899581v1_genomic,27
GCA_008995935.1_ASM899593v1_genomic,17
GCA_008996075.1_ASM899607v1_genomic,17
GCA_008996235.1_ASM899623v1_genomic,32
GCA_008996815.1_ASM899681v1_genomic,16
GCA_008997035.1_ASM899703v1_genomic,13
GCA_008997355.1_ASM899735v1_genomic,14
GCA_008997715.1_ASM899771v1_genomic,17
GCA_008997825.1_ASM899782v1_genomic,26
GCA_008998055.1_ASM899805v1_genomic,17
GCA_008998295.1_ASM899829v1_genomic,24
GCA_008999395.1_ASM899939v1_genomic,18
GCA_008999655.1_ASM899965v1_genomic,16
GCA_008999675.1_ASM899967v1_genomic,17
GCA_009000275.1_ASM900027v1_genomic,22
GCA_009000535.1_ASM900053v1_genomic,30
GCA_009001515.1_ASM900151v1_genomic,20
GCA_009003915.1_ASM900391v1_genomic,20
GCA_009004095.1_ASM900409v1_genomic,15
GCA_009004235.1_ASM900423v1_genomic,24
GCA_009005375.1_ASM900537v1_genomic,19
GCA_009005435.1_ASM900543v1_genomic,20
GCA_009006875.1_ASM900687v1_genomic,13
GCA_009006965.1_ASM900696v1_genomic,23
GCA_009007095.1_ASM900709v1_genomic,17
GCA_009007315.1_ASM900731v1_genomic,22
GCA_009007455.1_ASM900745v1_genomic,22
GCA_009010315.1_ASM901031v1_genomic,20
GCA_009011315.1_ASM901131v1_genomic,21
GCA_009011415.1_ASM901141v1_genomic,19
GCA_009011835.1_ASM901183v1_genomic,30
GCA_009011915.1_ASM901191v1_genomic,13
GCA_009012175.1_ASM901217v1_genomic,24
GCA_009012295.1_ASM901229v1_genomic,14
GCA_009012375.1_ASM901237v1_genomic,14
GCA_009012455.1_ASM901245v1_genomic,14
GCA_009012575.1_ASM901257v1_genomic,12
GCA_009013215.1_ASM901321v1_genomic,21
GCA_009013375.1_ASM901337v1_genomic,22
GCA_009013395.1_ASM901339v1_genomic,16
GCA_009013415.1_ASM901341v1_genomic,19
GCA_009013435.1_ASM901343v1_genomic,14
GCA_009013555.1_ASM901355v1_genomic,14
GCA_009013635.1_ASM901363v1_genomic,26
GCA_009013675.1_ASM901367v1_genomic,24
GCA_009013715.1_ASM901371v1_genomic,17
GCA_009013835.1_ASM901383v1_genomic,15
GCA_009013875.1_ASM901387v1_genomic,19
GCA_009013895.1_ASM901389v1_genomic,15
GCA_009013995.1_ASM901399v1_genomic,23
GCA_009014055.1_ASM901405v1_genomic,20
GCA_009014095.1_ASM901409v1_genomic,19
GCA_009014115.1_ASM901411v1_genomic,27
GCA_009014175.1_ASM901417v1_genomic,14
GCA_009014195.1_ASM901419v1_genomic,24
GCA_009014255.1_ASM901425v1_genomic,18
GCA_009014295.1_ASM901429v1_genomic,16
GCA_009014455.1_ASM901445v1_genomic,13
GCA_009014555.1_ASM901455v1_genomic,22
GCA_009296145.1_ASM929614v1_genomic,8
GCA_009360325.1_ASM936032v1_genomic,15
GCA_009372215.1_ASM937221v1_genomic,10
GCA_009372255.1_ASM937225v1_genomic,26
GCA_009497995.1_ASM949799v1_genomic,19
GCA_009557235.1_ASM955723v1_genomic,8
GCA_009588945.1_ASM958894v1_genomic,18
GCA_009645455.1_ASM964545v1_genomic,18
GCA_009645555.1_ASM964555v1_genomic,18
GCA_009645785.1_ASM964578v1_genomic,10
GCA_009668065.1_ASM966806v1_genomic,30
GCA_009676805.1_ASM967680v1_genomic,7
GCA_009730095.1_ASM973009v1_genomic,10
GCA_009734145.1_ASM973414v1_genomic,10
GCA_009740145.1_ASM974014v1_genomic,19
GCA_009822185.1_ASM982218v1_genomic,19
GCA_009829025.1_ASM982902v1_genomic,9
GCA_009833005.1_ASM983300v1_genomic,21
GCA_009887685.1_ASM988768v1_genomic,19
GCA_009887795.1_ASM988779v1_genomic,19
GCA_009892285.1_ASM989228v1_genomic,18
GCA_009892305.1_ASM989230v1_genomic,19
GCA_009892325.1_ASM989232v1_genomic,16
GCA_009892365.1_ASM989236v1_genomic,19
GCA_009899745.1_ASM989974v1_genomic,16
GCA_009899905.1_ASM989990v1_genomic,13
GCA_009900005.1_ASM990000v1_genomic,18
GCA_009900025.1_ASM990002v1_genomic,15
GCA_009914375.1_ASM991437v1_genomic,9
GCA_009914395.1_ASM991439v1_genomic,9
GCA_009914415.1_ASM991441v1_genomic,9
GCA_009914435.1_ASM991443v1_genomic,9
GCA_009939195.1_ASM993919v1_genomic,17
GCA_010014695.1_ASM1001469v1_genomic,17
GCA_010499835.1_ASM1049983v1_genomic,17
GCA_010499945.1_ASM1049994v1_genomic,21
GCA_010500415.1_ASM1050041v1_genomic,22
GCA_010500545.1_ASM1050054v1_genomic,21
GCA_010587435.1_ASM1058743v1_genomic,18
GCA_010612445.1_ASM1061244v1_genomic,23
GCA_010646905.1_ASM1064690v1_genomic,12
GCA_010917815.1_ASM1091781v1_genomic,9
GCA_010918035.1_ASM1091803v1_genomic,10
GCA_010918195.1_ASM1091819v1_genomic,9
GCA_010918375.1_ASM1091837v1_genomic,10
GCA_010918635.1_ASM1091863v1_genomic,11
GCA_010918895.1_ASM1091889v1_genomic,11
GCA_010919095.1_ASM1091909v1_genomic,11
GCA_011058205.1_ASM1105820v1_genomic,10
GCA_011174715.1_ASM1117471v1_genomic,8
GCA_011191955.1_ASM1119195v1_genomic,7
GCA_011578045.1_ASM1157804v1_genomic,8
GCA_011578285.1_ASM1157828v1_genomic,7
GCA_011759595.1_ASM1175959v1_genomic,31
GCA_011996285.1_ASM1199628v1_genomic,20
GCA_012220585.1_ASM1222058v1_genomic,7
GCA_012271855.1_ASM1227185v1_genomic,14
GCA_012278715.1_ASM1227871v1_genomic,9
GCA_012278735.1_ASM1227873v1_genomic,9
GCA_012366635.1_ASM1236663v1_genomic,10
GCA_012366665.1_ASM1236666v1_genomic,10
GCA_012366715.1_ASM1236671v1_genomic,10
GCA_012366735.1_ASM1236673v1_genomic,9
GCA_012366815.1_ASM1236681v1_genomic,9
GCA_012366835.1_ASM1236683v1_genomic,5
GCA_012366855.1_ASM1236685v1_genomic,9
GCA_012366875.1_ASM1236687v1_genomic,10
GCA_012366885.1_ASM1236688v1_genomic,9
GCA_012366935.1_ASM1236693v1_genomic,10
GCA_012366955.1_ASM1236695v1_genomic,9
GCA_012370935.1_ASM1237093v1_genomic,10
GCA_012370975.1_ASM1237097v1_genomic,10
GCA_012370985.1_ASM1237098v1_genomic,10
GCA_012371015.1_ASM1237101v1_genomic,10
GCA_012371035.1_ASM1237103v1_genomic,10
GCA_012371075.1_ASM1237107v1_genomic,10
GCA_012371115.1_ASM1237111v1_genomic,9
GCA_012371205.1_ASM1237120v1_genomic,9
GCA_012371235.1_ASM1237123v1_genomic,10
GCA_012515875.1_ASM1251587v1_genomic,21
GCA_012516415.1_ASM1251641v1_genomic,10
GCA_012840555.1_ASM1284055v1_genomic,7
GCA_012931605.1_ASM1293160v1_genomic,18
GCA_012934905.1_ASM1293490v1_genomic,22
GCA_013004255.1_ASM1300425v1_genomic,8
GCA_013004355.1_ASM1300435v1_genomic,9
GCA_013004365.1_ASM1300436v1_genomic,8
GCA_013004375.1_ASM1300437v1_genomic,8
GCA_013004415.1_ASM1300441v1_genomic,11
GCA_013072655.1_ASM1307265v1_genomic,9
GCA_013116605.1_ASM1311660v1_genomic,9
GCA_013122135.1_ASM1312213v1_genomic,24
GCA_013344775.1_ASM1334477v1_genomic,18
GCA_013344845.1_ASM1334484v1_genomic,16
GCA_013344865.1_ASM1334486v1_genomic,22
GCA_013344885.1_ASM1334488v1_genomic,17
GCA_013346345.1_ASM1334634v1_genomic,20
GCA_013346385.1_ASM1334638v1_genomic,16
GCA_013346445.1_ASM1334644v1_genomic,18
GCA_013346455.1_ASM1334645v1_genomic,17
GCA_013346495.1_ASM1334649v1_genomic,23
GCA_013349205.1_ASM1334920v1_genomic,10
GCA_013364475.1_ASM1336447v1_genomic,10
GCA_013374795.1_ASM1337479v1_genomic,14
GCA_013377175.1_ASM1337717v1_genomic,20
GCA_013378115.1_ASM1337811v1_genomic,9
GCA_013390985.1_ASM1339098v1_genomic,8
GCA_013391485.1_ASM1339148v1_genomic,8
GCA_013391565.1_ASM1339156v1_genomic,11
GCA_013391585.1_ASM1339158v1_genomic,13
GCA_013394265.1_ASM1339426v1_genomic,20
GCA_013403085.1_ASM1340308v1_genomic,16
GCA_013416875.1_ASM1341687v1_genomic,7
GCA_013416935.1_ASM1341693v1_genomic,7
GCA_013416945.1_ASM1341694v1_genomic,7
GCA_013417035.1_ASM1341703v1_genomic,8
GCA_013417065.1_ASM1341706v1_genomic,8
GCA_013417135.1_ASM1341713v1_genomic,9
GCA_013417155.1_ASM1341715v1_genomic,11
GCA_013417165.1_ASM1341716v1_genomic,8
GCA_013417355.1_ASM1341735v1_genomic,8
GCA_013417365.1_ASM1341736v1_genomic,7
GCA_013417415.1_ASM1341741v1_genomic,9
GCA_013417655.1_ASM1341765v1_genomic,7
GCA_013417665.1_ASM1341766v1_genomic,7
GCA_013417785.1_ASM1341778v1_genomic,12
GCA_013417795.1_ASM1341779v1_genomic,9
GCA_013417805.1_ASM1341780v1_genomic,10
GCA_013418015.1_ASM1341801v1_genomic,7
GCA_013418055.1_ASM1341805v1_genomic,9
GCA_013418125.1_ASM1341812v1_genomic,7
GCA_013418165.1_ASM1341816v1_genomic,11
GCA_013418175.1_ASM1341817v1_genomic,9
GCA_013418215.1_ASM1341821v1_genomic,9
GCA_013418235.1_ASM1341823v1_genomic,10
GCA_013418355.1_ASM1341835v1_genomic,9
GCA_013418365.1_ASM1341836v1_genomic,9
GCA_013418455.1_ASM1341845v1_genomic,9
GCA_013418545.1_ASM1341854v1_genomic,7
GCA_013418555.1_ASM1341855v1_genomic,10
GCA_013418565.1_ASM1341856v1_genomic,7
GCA_013418635.1_ASM1341863v1_genomic,7
GCA_013418695.1_ASM1341869v1_genomic,7
GCA_013418735.1_ASM1341873v1_genomic,7
GCA_013418755.1_ASM1341875v1_genomic,7
GCA_013418795.1_ASM1341879v1_genomic,7
GCA_013418865.1_ASM1341886v1_genomic,10
GCA_013418895.1_ASM1341889v1_genomic,10
GCA_013418995.1_ASM1341899v1_genomic,10
GCA_013419035.1_ASM1341903v1_genomic,10
GCA_013419095.1_ASM1341909v1_genomic,10
GCA_013419115.1_ASM1341911v1_genomic,9
GCA_013419125.1_ASM1341912v1_genomic,10
GCA_013419135.1_ASM1341913v1_genomic,9
GCA_013419195.1_ASM1341919v1_genomic,7
GCA_013419245.1_ASM1341924v1_genomic,7
GCA_013419315.1_ASM1341931v1_genomic,10
GCA_013419335.1_ASM1341933v1_genomic,9
GCA_013419545.1_ASM1341954v1_genomic,7
GCA_013419805.1_ASM1341980v1_genomic,7
GCA_013420145.1_ASM1342014v1_genomic,8
GCA_013420175.1_ASM1342017v1_genomic,7
GCA_013420185.1_ASM1342018v1_genomic,10
GCA_013420255.1_ASM1342025v1_genomic,10
GCA_013420325.1_ASM1342032v1_genomic,11
GCA_013420435.1_ASM1342043v1_genomic,9
GCA_013420445.1_ASM1342044v1_genomic,10
GCA_013420455.1_ASM1342045v1_genomic,7
GCA_013420525.1_ASM1342052v1_genomic,7
GCA_013420805.1_ASM1342080v1_genomic,7
GCA_013530535.1_ASM1353053v1_genomic,33
GCA_013787185.1_ASM1378718v1_genomic,17
GCA_014168695.1_ASM1416869v1_genomic,22
GCA_014204355.1_ASM1420435v1_genomic,12
GCA_014204595.1_ASM1420459v1_genomic,10
GCA_014207875.1_ASM1420787v1_genomic,10
GCA_014333455.1_ASM1433345v1_genomic,14
GCA_014559915.1_ASM1455991v1_genomic,19
GCA_014636095.1_ASM1463609v1_genomic,15
GCA_014672735.1_ASM1467273v1_genomic,19
GCA_014712715.1_ASM1471271v1_genomic,24
GCA_014717515.1_ASM1471751v1_genomic,23
GCA_014717695.1_ASM1471769v1_genomic,19
GCA_014717935.1_ASM1471793v1_genomic,20
GCA_014718355.1_ASM1471835v1_genomic,20
GCA_014719655.1_ASM1471965v1_genomic,19
GCA_014720075.1_ASM1472007v1_genomic,25
GCA_014720715.1_ASM1472071v1_genomic,23
GCA_014720855.1_ASM1472085v1_genomic,19
GCA_014721215.1_ASM1472121v1_genomic,22
GCA_014722015.1_ASM1472201v1_genomic,22
GCA_014723035.1_ASM1472303v1_genomic,23
GCA_014723115.1_ASM1472311v1_genomic,19
GCA_014769185.1_ASM1476918v1_genomic,11
GCA_014854535.1_ASM1485453v1_genomic,26
GCA_014876805.1_ASM1487680v1_genomic,25
GCA_014876825.1_ASM1487682v1_genomic,28
GCA_014880215.2_ASM1488021v2_genomic,22
GCA_014926505.1_ASM1492650v1_genomic,20
GCA_015209685.1_ASM1520968v1_genomic,7
GCA_015218885.1_ASM1521888v1_genomic,9
GCA_015224645.1_ASM1522464v1_genomic,20
GCA_015351505.1_ASM1535150v1_genomic,12
GCA_015571935.1_ASM1557193v1_genomic,17
GCA_015602645.1_ASM1560264v1_genomic,12
GCA_015602665.1_ASM1560266v1_genomic,9
GCA_015602705.1_ASM1560270v1_genomic,10
GCA_015627105.1_ASM1562710v1_genomic,11
GCA_015627165.1_ASM1562716v1_genomic,11
GCA_015627205.1_ASM1562720v1_genomic,6
GCA_015661595.1_ASM1566159v1_genomic,16
GCA_015910475.1_ASM1591047v1_genomic,20
GCA_016064815.1_ASM1606481v1_genomic,20
GCA_016082245.1_ASM1608224v1_genomic,24
GCA_016103405.1_ASM1610340v1_genomic,25
GCA_016106645.1_ASM1610664v1_genomic,26
GCA_016124155.1_ASM1612415v1_genomic,25
GCA_016125715.1_ASM1612571v1_genomic,20
GCA_016424515.1_ASM1642451v1_genomic,17
GCA_016463235.1_ASM1646323v1_genomic,11
GCA_016475485.1_PDT000868647.1_genomic,21
GCA_016477765.1_PDT000866192.1_genomic,21
GCA_016480415.1_PDT000850559.1_genomic,23
GCA_016502305.1_ASM1650230v1_genomic,21
GCA_016502365.1_ASM1650236v1_genomic,23
GCA_016502385.1_ASM1650238v1_genomic,20
GCA_016502415.1_ASM1650241v1_genomic,13
GCA_016502445.1_ASM1650244v1_genomic,26
GCA_016502465.1_ASM1650246v1_genomic,27
GCA_016502515.1_ASM1650251v1_genomic,24
GCA_016502535.1_ASM1650253v1_genomic,17
GCA_016502565.1_ASM1650256v1_genomic,26
GCA_016502725.1_ASM1650272v1_genomic,23
GCA_016502815.1_ASM1650281v1_genomic,23
GCA_016503025.1_ASM1650302v1_genomic,18
GCA_016503045.1_ASM1650304v1_genomic,20
GCA_016506175.1_ASM1650617v1_genomic,27
GCA_016506315.1_ASM1650631v1_genomic,20
GCA_016506345.1_ASM1650634v1_genomic,19
GCA_016506555.1_ASM1650655v1_genomic,24
GCA_016506845.1_ASM1650684v1_genomic,21
GCA_016507085.1_ASM1650708v1_genomic,22
GCA_016507405.1_PDT000618217.1_genomic,25
GCA_016507585.1_PDT000444123.1_genomic,31
GCA_016508365.1_ASM1650836v1_genomic,22
GCA_016508445.1_ASM1650844v1_genomic,27
GCA_016508455.1_ASM1650845v1_genomic,20
GCA_016508485.1_ASM1650848v1_genomic,16
GCA_016508565.1_ASM1650856v1_genomic,20
GCA_016508605.1_ASM1650860v1_genomic,20
GCA_016508635.1_ASM1650863v1_genomic,21
GCA_016510635.1_PDT000431534.1_genomic,19
GCA_016510975.1_PDT000431574.1_genomic,25
GCA_016511235.1_PDT000431532.1_genomic,20
GCA_016511375.1_PDT000431525.1_genomic,24
GCA_016511495.1_PDT000431519.1_genomic,23
GCA_016511595.1_PDT000431516.1_genomic,28
GCA_016512555.1_PDT000424095.1_genomic,22
GCA_016513435.1_PDT000424039.1_genomic,23
GCA_016513495.1_PDT000424042.1_genomic,21
GCA_016521205.2_PDT000114680.2_genomic,30
GCA_016521815.2_PDT000114627.2_genomic,23
GCA_016522705.2_PDT000114592.2_genomic,27
GCA_016524995.2_PDT000114256.2_genomic,29
GCA_016536845.2_PDT000107054.2_genomic,30
GCA_016538345.2_PDT000106909.2_genomic,30
GCA_016576845.1_ASM1657684v1_genomic,26
GCA_016654265.1_ASM1665426v1_genomic,18
GCA_016725945.1_ASM1672594v1_genomic,12
GCA_016726205.1_ASM1672620v1_genomic,20
GCA_016726625.1_ASM1672662v1_genomic,12
GCA_016728805.1_ASM1672880v1_genomic,14
GCA_016743155.1_ASM1674315v1_genomic,13
GCA_016790125.1_ASM1679012v1_genomic,16
GCA_016790205.1_ASM1679020v1_genomic,10
GCA_016888805.1_ASM1688880v1_genomic,11
GCA_016888825.1_ASM1688882v1_genomic,10
GCA_016889305.1_ASM1688930v1_genomic,21
GCA_016890065.1_ASM1689006v1_genomic,18
GCA_016939475.1_ASM1693947v1_genomic,23
GCA_017132735.1_ASM1713273v1_genomic,10
GCA_017161935.1_ASM1716193v1_genomic,14
GCA_017161945.1_ASM1716194v1_genomic,20
GCA_017161975.1_ASM1716197v1_genomic,25
GCA_017161985.1_ASM1716198v1_genomic,18
GCA_017162015.1_ASM1716201v1_genomic,19
GCA_017162025.1_ASM1716202v1_genomic,19
GCA_017162065.1_ASM1716206v1_genomic,20
GCA_017162095.1_ASM1716209v1_genomic,23
GCA_017162115.1_ASM1716211v1_genomic,26
GCA_017309425.1_ASM1730942v1_genomic,9
GCA_017309445.1_ASM1730944v1_genomic,9
GCA_017349155.1_ASM1734915v1_genomic,18
GCA_017377435.1_ASM1737743v1_genomic,17
GCA_017419025.1_ASM1741902v1_genomic,8
GCA_017498605.1_ASM1749860v1_genomic,7
GCA_017498625.1_ASM1749862v1_genomic,7
GCA_017558465.1_ASM1755846v1_genomic,7
GCA_017592365.1_ASM1759236v1_genomic,10
GCA_017592385.1_ASM1759238v1_genomic,24
GCA_017592445.1_ASM1759244v1_genomic,15
GCA_017592465.1_ASM1759246v1_genomic,18
GCA_017652585.1_ASM1765258v1_genomic,11
GCA_017693035.1_ASM1769303v1_genomic,16
GCA_017693085.1_ASM1769308v1_genomic,16
GCA_017744475.1_ASM1774447v1_genomic,14
GCA_017753625.1_ASM1775362v1_genomic,20
GCA_017837765.1_ASM1783776v1_genomic,18
GCA_017837835.1_ASM1783783v1_genomic,17
GCA_017837845.1_ASM1783784v1_genomic,16
GCA_017837875.1_ASM1783787v1_genomic,18
GCA_017877275.1_ASM1787727v1_genomic,30
GCA_017897205.1_ASM1789720v1_genomic,20
GCA_017951315.1_ASM1795131v1_genomic,24
GCA_018135585.1_ASM1813558v1_genomic,18
GCA_018138965.1_ASM1813896v1_genomic,23
GCA_018139125.1_ASM1813912v1_genomic,16
GCA_018139275.1_ASM1813927v1_genomic,18
GCA_018139285.1_ASM1813928v1_genomic,18
GCA_018139365.1_ASM1813936v1_genomic,17
GCA_018139425.1_ASM1813942v1_genomic,16
GCA_018156065.1_ASM1815606v1_genomic,20
GCA_018221365.1_ASM1822136v1_genomic,23
GCA_018281725.1_ASM1828172v1_genomic,14
GCA_018324105.1_ASM1832410v1_genomic,14
GCA_018336855.1_ASM1833685v1_genomic,15
GCA_018372965.1_ASM1837296v1_genomic,15
GCA_018403785.1_ASM1840378v1_genomic,9
GCA_018409485.1_ASM1840948v1_genomic,10
GCA_018422535.1_ASM1842253v1_genomic,23
GCA_018438165.1_ASM1843816v1_genomic,12
GCA_018454425.1_ASM1845442v1_genomic,17
GCA_018678125.1_ASM1867812v1_genomic,17
GCA_018863215.1_ASM1886321v1_genomic,16
GCA_018863295.1_ASM1886329v1_genomic,21
GCA_018863375.1_ASM1886337v1_genomic,24
GCA_018883565.1_ASM1888356v1_genomic,22
GCA_019046965.1_ASM1904696v1_genomic,25
GCA_019047185.1_ASM1904718v1_genomic,24
GCA_019047205.1_ASM1904720v1_genomic,18
GCA_019048405.1_ASM1904840v1_genomic,19
GCA_019048525.1_ASM1904852v1_genomic,9
GCA_019076685.1_ASM1907668v1_genomic,19
GCA_019188565.1_ASM1918856v1_genomic,12
GCA_019195275.1_ASM1919527v1_genomic,9
GCA_019264745.1_ASM1926474v1_genomic,22
GCA_019264765.1_ASM1926476v1_genomic,16
GCA_019264785.1_ASM1926478v1_genomic,18
GCA_019264805.1_ASM1926480v1_genomic,18
GCA_019264845.1_ASM1926484v1_genomic,18
GCA_019279015.1_ASM1927901v1_genomic,10
GCA_019343495.1_ASM1934349v1_genomic,12
GCA_019355975.1_ASM1935597v1_genomic,22
GCA_019355995.1_ASM1935599v1_genomic,15
GCA_019702905.1_ASM1970290v1_genomic,26
GCA_019703285.1_ASM1970328v1_genomic,20
GCA_019787625.1_ASM1978762v1_genomic,10
GCA_019787645.1_ASM1978764v1_genomic,10
GCA_019903155.1_ASM1990315v1_genomic,19
GCA_019903235.1_ASM1990323v1_genomic,13
GCA_019997865.1_ASM1999786v1_genomic,17
GCA_020099375.1_ASM2009937v1_genomic,10
GCA_020172725.1_ASM2017272v1_genomic,30
GCA_020179055.1_ASM2017905v1_genomic,18
GCA_020179085.1_ASM2017908v1_genomic,17
GCA_020271605.1_ASM2027160v1_genomic,21
GCA_020271765.1_ASM2027176v1_genomic,9
GCA_020280985.1_ASM2028098v1_genomic,7
GCA_020281045.1_ASM2028104v1_genomic,7
GCA_020281105.1_ASM2028110v1_genomic,7
GCA_020544425.1_ASM2054442v1_genomic,19
GCA_020575515.1_PDT001159245.1_genomic,27
GCA_020594815.1_ASM2059481v1_genomic,15
GCA_020673335.1_ASM2067333v1_genomic,23
GCA_020741955.1_ASM2074195v1_genomic,9
GCA_020742075.1_ASM2074207v1_genomic,8
GCA_020809585.1_PDT001171807.1_genomic,22
GCA_020810655.1_ASM2081065v1_genomic,20
GCA_020985285.1_ASM2098528v1_genomic,19
GCA_021165835.1_ASM2116583v1_genomic,23
GCA_021165855.1_ASM2116585v1_genomic,22
GCA_021287125.1_ASM2128712v1_genomic,10
GCA_021384305.1_ASM2138430v1_genomic,12
GCA_021384325.1_ASM2138432v1_genomic,17
GCA_021388445.1_ASM2138844v1_genomic,21
GCA_021394605.1_ASM2139460v1_genomic,18
GCA_021432045.1_ASM2143204v1_genomic,8
GCA_021432745.1_ASM2143274v1_genomic,13
GCA_021444025.1_ASM2144402v1_genomic,35
GCA_021460885.1_ASM2146088v1_genomic,17
GCA_021491935.1_ASM2149193v1_genomic,14
GCA_021538705.1_ASM2153870v1_genomic,16
GCA_021686635.1_PDT001231512.1_genomic,23
GCA_021726495.1_ASM2172649v1_genomic,18
GCA_021735885.1_ASM2173588v1_genomic,11
GCA_021885265.1_ASM2188526v1_genomic,8
GCA_021885275.1_ASM2188527v1_genomic,9
GCA_021885395.1_ASM2188539v1_genomic,8
GCA_022014125.1_ASM2201412v1_genomic,15
GCA_022213985.1_ASM2221398v1_genomic,20
GCA_022214835.1_ASM2221483v1_genomic,19
GCA_022342105.1_ASM2234210v1_genomic,19
GCA_022342205.1_ASM2234220v1_genomic,18
GCA_022342285.1_ASM2234228v1_genomic,20
GCA_022343575.1_ASM2234357v1_genomic,28
GCA_022369275.1_ASM2236927v1_genomic,22
GCA_022376315.1_PDT001253304.1_genomic,25
GCA_022397215.1_ASM2239721v1_genomic,17
GCA_022397235.1_ASM2239723v1_genomic,24
GCA_022397375.1_ASM2239737v1_genomic,21
GCA_022397395.1_ASM2239739v1_genomic,21
GCA_022405715.1_ASM2240571v1_genomic,23
GCA_022449085.1_ASM2244908v1_genomic,20
GCA_022449115.1_ASM2244911v1_genomic,20
GCA_022449145.1_ASM2244914v1_genomic,21
GCA_022449185.1_ASM2244918v1_genomic,18
GCA_022466815.1_ASM2246681v1_genomic,18
GCA_022467435.1_ASM2246743v1_genomic,22
GCA_022487105.1_ASM2248710v1_genomic,43
GCA_022487145.1_ASM2248714v1_genomic,19
GCA_022549595.1_ASM2254959v1_genomic,15
GCA_022549615.1_ASM2254961v1_genomic,16
GCA_022549625.1_ASM2254962v1_genomic,16
GCA_022700695.1_ASM2270069v1_genomic,7
GCA_022700715.1_ASM2270071v1_genomic,7
GCA_022749635.1_ASM2274963v1_genomic,10
GCA_022809695.1_ASM2280969v1_genomic,15
GCA_022819285.1_ASM2281928v1_genomic,15
GCA_022828975.1_ASM2282897v1_genomic,27
GCA_022832955.1_ASM2283295v1_genomic,10
GCA_022869025.1_ASM2286902v1_genomic,11
GCA_022930835.1_PDT001283726.1_genomic,23
GCA_022933355.1_PDT001283778.1_genomic,23
GCA_022933375.1_PDT001283773.1_genomic,24
GCA_022933415.1_PDT001283733.1_genomic,29
GCA_022933475.1_PDT001283721.1_genomic,26
GCA_022933505.1_PDT001283775.1_genomic,26
GCA_022933565.1_PDT001283770.1_genomic,20
GCA_022933585.1_PDT001283769.1_genomic,21
GCA_022934385.1_PDT001283774.1_genomic,23
GCA_022934445.1_PDT001283771.1_genomic,21
GCA_022935365.1_PDT001283777.1_genomic,20
GCA_022937615.1_ASM2293761v1_genomic,15
GCA_022937665.1_ASM2293766v1_genomic,20
GCA_022937705.1_ASM2293770v1_genomic,22
GCA_022937725.1_ASM2293772v1_genomic,21
GCA_022938045.1_PDT001283737.1_genomic,19
GCA_022938985.1_PDT001283753.1_genomic,21
GCA_022966775.1_PDT001283712.1_genomic,21
GCA_022967075.1_PDT001276635.1_genomic,22
GCA_022967375.1_PDT001276587.1_genomic,26
GCA_023094035.1_ASM2309403v1_genomic,22
GCA_023127655.1_ASM2312765v1_genomic,12
GCA_023127665.1_ASM2312766v1_genomic,10
GCA_023127715.1_ASM2312771v1_genomic,11
GCA_023130495.1_ASM2313049v1_genomic,10
GCA_023218135.1_ASM2321813v1_genomic,12
GCA_023342155.1_PDT001306058.1_genomic,22
GCA_023371095.1_ASM2337109v1_genomic,18
GCA_023499075.1_ASM2349907v1_genomic,18
GCA_023516475.1_ASM2351647v1_genomic,18
GCA_023612055.1_ASM2361205v1_genomic,24
GCA_023614015.1_ASM2361401v1_genomic,16
GCA_023615345.2_ASM2361534v2_genomic,17
GCA_023669555.1_ASM2366955v1_genomic,16
GCA_023669625.1_ASM2366962v1_genomic,9
GCA_023669665.1_ASM2366966v1_genomic,22
GCA_023757595.1_ASM2375759v1_genomic,26
GCA_023757925.1_ASM2375792v1_genomic,23
GCA_023822225.1_ASM2382222v1_genomic,13
GCA_023896375.1_ASM2389637v1_genomic,21
GCA_023973105.1_ASM2397310v1_genomic,14
GCA_023981045.1_ASM2398104v1_genomic,21
GCA_024129075.1_ASM2412907v1_genomic,8
GCA_024129115.1_ASM2412911v1_genomic,10
GCA_024129215.1_ASM2412921v1_genomic,7
GCA_024129385.1_ASM2412938v1_genomic,7
GCA_024129535.1_ASM2412953v1_genomic,7
GCA_024129565.1_ASM2412956v1_genomic,10
GCA_024129665.1_ASM2412966v1_genomic,9
GCA_024129685.1_ASM2412968v1_genomic,11
GCA_024129715.1_ASM2412971v1_genomic,12
GCA_024129755.1_ASM2412975v1_genomic,9
GCA_024129765.1_ASM2412976v1_genomic,9
GCA_024129795.1_ASM2412979v1_genomic,10
GCA_024129815.1_ASM2412981v1_genomic,9
GCA_024129855.1_ASM2412985v1_genomic,11
GCA_024138435.1_ASM2413843v1_genomic,20
GCA_024139075.1_ASM2413907v1_genomic,20
GCA_024151445.1_ASM2415144v1_genomic,21
GCA_024159345.1_ASM2415934v1_genomic,9
GCA_024159385.1_ASM2415938v1_genomic,9
GCA_024173565.1_ASM2417356v1_genomic,20
GCA_024205285.1_ASM2420528v1_genomic,22
GCA_024264925.1_PDT001358423.1_genomic,30
GCA_024274195.1_PDT001336269.1_genomic,19
GCA_024357865.1_ASM2435786v1_genomic,19
GCA_024487925.1_PDT001372739.1_genomic,23
GCA_024619175.1_PDT001383221.1_genomic,23
GCA_024655685.1_ASM2465568v1_genomic,15
GCA_024705725.1_ASM2470572v1_genomic,19
GCA_024732425.1_ASM2473242v1_genomic,20
GCA_024749505.1_ASM2474950v1_genomic,17
GCA_024749585.1_ASM2474958v1_genomic,21
GCA_024749605.1_ASM2474960v1_genomic,19
GCA_024749645.1_ASM2474964v1_genomic,18
GCA_024749665.1_ASM2474966v1_genomic,21
GCA_024807495.1_ASM2480749v1_genomic,14
GCA_024888535.1_PDT001396340.1_genomic,21
GCA_025398455.1_ASM2539845v1_genomic,10
GCA_025398855.1_ASM2539885v1_genomic,23
GCA_025405835.1_ASM2540583v1_genomic,19
GCA_025405875.1_ASM2540587v1_genomic,21
GCA_025405995.1_ASM2540599v1_genomic,23
GCA_025406175.1_ASM2540617v1_genomic,22
GCA_025406535.1_ASM2540653v1_genomic,18
GCA_025406555.1_ASM2540655v1_genomic,20
GCA_025406735.1_ASM2540673v1_genomic,22
GCA_025406825.1_ASM2540682v1_genomic,21
GCA_025406835.1_ASM2540683v1_genomic,20
GCA_025406925.1_ASM2540692v1_genomic,19
GCA_025406955.1_ASM2540695v1_genomic,21
GCA_025407125.1_ASM2540712v1_genomic,19
GCA_025407255.1_ASM2540725v1_genomic,19
GCA_025407535.1_ASM2540753v1_genomic,14
GCA_025433935.1_ASM2543393v1_genomic,28
GCA_025456905.1_ASM2545690v1_genomic,21
GCA_025513035.1_ASM2551303v1_genomic,22
GCA_025513055.1_ASM2551305v1_genomic,10
GCA_025513065.1_ASM2551306v1_genomic,23
GCA_025513075.1_ASM2551307v1_genomic,21
GCA_025513115.1_ASM2551311v1_genomic,11
GCA_025513275.1_ASM2551327v1_genomic,21
GCA_025513455.1_ASM2551345v1_genomic,24
GCA_025513565.1_ASM2551356v1_genomic,16
GCA_025513595.1_ASM2551359v1_genomic,12
GCA_025513695.1_ASM2551369v1_genomic,17
GCA_025513815.1_ASM2551381v1_genomic,19
GCA_025513935.1_ASM2551393v1_genomic,10
GCA_025513955.1_ASM2551395v1_genomic,10
GCA_025513965.1_ASM2551396v1_genomic,24
GCA_025514015.1_ASM2551401v1_genomic,12
GCA_025514075.1_ASM2551407v1_genomic,20
GCA_025514175.1_ASM2551417v1_genomic,18
GCA_025514355.1_ASM2551435v1_genomic,16
GCA_025514375.1_ASM2551437v1_genomic,24
GCA_025514415.1_ASM2551441v1_genomic,20
GCA_025514435.1_ASM2551443v1_genomic,10
GCA_025514455.1_ASM2551445v1_genomic,22
GCA_025514475.1_ASM2551447v1_genomic,19
GCA_025514515.1_ASM2551451v1_genomic,25
GCA_025514535.1_ASM2551453v1_genomic,18
GCA_025514625.1_ASM2551462v1_genomic,18
GCA_025514675.1_ASM2551467v1_genomic,24
GCA_025514775.1_ASM2551477v1_genomic,30
GCA_025514875.1_ASM2551487v1_genomic,30
GCA_025514935.1_ASM2551493v1_genomic,21
GCA_025514965.1_ASM2551496v1_genomic,26
GCA_025515055.1_ASM2551505v1_genomic,10
GCA_025515075.1_ASM2551507v1_genomic,10
GCA_025515125.1_ASM2551512v1_genomic,20
GCA_025515655.1_ASM2551565v1_genomic,21
GCA_025562235.1_ASM2556223v1_genomic,16
GCA_025562295.1_ASM2556229v1_genomic,23
GCA_025562335.1_ASM2556233v1_genomic,25
GCA_025562355.1_ASM2556235v1_genomic,14
GCA_025562375.1_ASM2556237v1_genomic,20
GCA_025562425.1_ASM2556242v1_genomic,10
GCA_025562515.1_ASM2556251v1_genomic,25
GCA_025601035.1_PDT001443229.1_genomic,21
GCA_025716975.1_ASM2571697v1_genomic,26
GCA_025717035.1_ASM2571703v1_genomic,12
GCA_025723065.1_ASM2572306v1_genomic,9
GCA_025723125.1_ASM2572312v1_genomic,26
GCA_025723145.1_ASM2572314v1_genomic,23
GCA_025854095.1_ASM2585409v1_genomic,19
GCA_025897515.1_PDT001469611.1_genomic,23
GCA_025897545.1_PDT001469610.1_genomic,23
GCA_025938705.1_ASM2593870v1_genomic,21
GCA_025971935.1_ASM2597193v1_genomic,18
GCA_026062515.1_ASM2606251v1_genomic,20
GCA_026189845.2_ASM2618984v2_genomic,19
GCA_026194555.1_ASM2619455v1_genomic,19
GCA_026229385.1_ASM2622938v1_genomic,11
GCA_026229405.1_ASM2622940v1_genomic,10
GCA_026229485.1_ASM2622948v1_genomic,9
GCA_026273705.1_ASM2627370v1_genomic,18
GCA_026352195.1_PDT001493362.1_genomic,21
GCA_026473205.1_PDT001502884.1_genomic,21
GCA_026555075.1_PDT001506408.1_genomic,21
GCA_026557135.1_PDT001506306.1_genomic,25
GCA_026622445.1_ASM2662244v1_genomic,27
GCA_026622455.1_ASM2662245v1_genomic,20
GCA_026936235.1_ASM2693623v1_genomic,20
GCA_027085405.1_ASM2708540v1_genomic,19
GCA_027085555.1_ASM2708555v1_genomic,19
GCA_027085825.1_ASM2708582v1_genomic,17
GCA_027086035.1_ASM2708603v1_genomic,19
GCA_027086515.1_ASM2708651v1_genomic,20
GCA_027088565.1_ASM2708856v1_genomic,19
GCA_027088815.1_ASM2708881v1_genomic,19
GCA_027089095.1_ASM2708909v1_genomic,21
GCA_027089375.1_ASM2708937v1_genomic,19
GCA_027257275.1_ASM2725727v1_genomic,21
GCA_027257305.1_ASM2725730v1_genomic,23
GCA_027257495.1_ASM2725749v1_genomic,19
GCA_027257575.1_ASM2725757v1_genomic,20
GCA_027321245.1_ASM2732124v1_genomic,13
GCA_027494645.1_ASM2749464v1_genomic,16
GCA_027494755.1_ASM2749475v1_genomic,6
GCA_027676745.1_ASM2767674v1_genomic,28
GCA_027854545.1_ASM2785454v1_genomic,25
GCA_027854575.1_ASM2785457v1_genomic,19
GCA_027854635.1_ASM2785463v1_genomic,24
GCA_027854725.1_ASM2785472v1_genomic,19
GCA_027854795.1_ASM2785479v1_genomic,12
GCA_027854925.1_ASM2785492v1_genomic,14
GCA_027855045.1_ASM2785504v1_genomic,19
GCA_027855145.1_ASM2785514v1_genomic,22
GCA_027855175.1_ASM2785517v1_genomic,21
GCA_027855375.1_ASM2785537v1_genomic,22
GCA_027890055.1_ASM2789005v1_genomic,24
GCA_027890905.1_ASM2789090v1_genomic,23
GCA_027924765.1_ASM2792476v1_genomic,24
GCA_027941695.1_ASM2794169v1_genomic,24
GCA_028094835.1_PDT001585395.1_genomic,21
GCA_028178065.1_ASM2817806v1_genomic,19
GCA_028334925.1_ASM2833492v1_genomic,12
GCA_028437765.1_ASM2843776v1_genomic,18
GCA_028437825.1_ASM2843782v1_genomic,23
GCA_028437845.1_ASM2843784v1_genomic,18
GCA_028437885.1_ASM2843788v1_genomic,19
GCA_028437925.1_ASM2843792v1_genomic,19
GCA_028438005.1_ASM2843800v1_genomic,19
GCA_028438025.1_ASM2843802v1_genomic,20
GCA_028438035.1_ASM2843803v1_genomic,18
GCA_028438065.1_ASM2843806v1_genomic,21
GCA_028438155.1_ASM2843815v1_genomic,19
GCA_028438175.1_ASM2843817v1_genomic,18
GCA_028438225.1_ASM2843822v1_genomic,24
GCA_028438235.1_ASM2843823v1_genomic,20
GCA_028438255.1_ASM2843825v1_genomic,18
GCA_028438265.1_ASM2843826v1_genomic,19
GCA_028438305.1_ASM2843830v1_genomic,19
GCA_028438325.1_ASM2843832v1_genomic,18
GCA_028438335.1_ASM2843833v1_genomic,20
GCA_028438355.1_ASM2843835v1_genomic,21
GCA_028438465.1_ASM2843846v1_genomic,18
GCA_028438505.1_ASM2843850v1_genomic,19
GCA_028438525.1_ASM2843852v1_genomic,18
GCA_028438535.1_ASM2843853v1_genomic,22
GCA_028438665.1_ASM2843866v1_genomic,19
GCA_028438685.1_ASM2843868v1_genomic,20
GCA_028438705.1_ASM2843870v1_genomic,23
GCA_028438725.1_ASM2843872v1_genomic,20
GCA_028438805.1_ASM2843880v1_genomic,19
GCA_028438835.1_ASM2843883v1_genomic,19
GCA_028438925.1_ASM2843892v1_genomic,20
GCA_028439005.1_ASM2843900v1_genomic,21
GCA_028439015.1_ASM2843901v1_genomic,22
GCA_028439065.1_ASM2843906v1_genomic,21
GCA_028439105.1_ASM2843910v1_genomic,20
GCA_028439125.1_ASM2843912v1_genomic,23
GCA_028439145.1_ASM2843914v1_genomic,19
GCA_028439225.1_ASM2843922v1_genomic,23
GCA_028439265.1_ASM2843926v1_genomic,21
GCA_028439275.1_ASM2843927v1_genomic,24
GCA_028440725.1_ASM2844072v1_genomic,19
GCA_028440745.1_ASM2844074v1_genomic,21
GCA_028440765.1_ASM2844076v1_genomic,19
GCA_028440815.1_ASM2844081v1_genomic,18
GCA_028440825.1_ASM2844082v1_genomic,19
GCA_028440865.1_ASM2844086v1_genomic,19
GCA_028440875.1_ASM2844087v1_genomic,20
GCA_028440905.1_ASM2844090v1_genomic,23
GCA_028440985.1_ASM2844098v1_genomic,21
GCA_028441025.1_ASM2844102v1_genomic,21
GCA_028441045.1_ASM2844104v1_genomic,21
GCA_028441085.1_ASM2844108v1_genomic,21
GCA_028441125.1_ASM2844112v1_genomic,19
GCA_028441145.1_ASM2844114v1_genomic,22
GCA_028441165.1_ASM2844116v1_genomic,19
GCA_028441205.1_ASM2844120v1_genomic,21
GCA_028441215.1_ASM2844121v1_genomic,21
GCA_028441265.1_ASM2844126v1_genomic,18
GCA_028441275.1_ASM2844127v1_genomic,20
GCA_028441345.1_ASM2844134v1_genomic,20
GCA_028441375.1_ASM2844137v1_genomic,18
GCA_028441425.1_ASM2844142v1_genomic,20
GCA_028441525.1_ASM2844152v1_genomic,20
GCA_028441555.1_ASM2844155v1_genomic,19
GCA_028441565.1_ASM2844156v1_genomic,20
GCA_028441585.1_ASM2844158v1_genomic,20
GCA_028441625.1_ASM2844162v1_genomic,20
GCA_028441635.1_ASM2844163v1_genomic,19
GCA_028441665.1_ASM2844166v1_genomic,21
GCA_028441765.1_ASM2844176v1_genomic,19
GCA_028441775.1_ASM2844177v1_genomic,20
GCA_028441795.1_ASM2844179v1_genomic,22
GCA_028441825.1_ASM2844182v1_genomic,20
GCA_028441925.1_ASM2844192v1_genomic,20
GCA_028442005.1_ASM2844200v1_genomic,18
GCA_028442025.1_ASM2844202v1_genomic,21
GCA_028442035.1_ASM2844203v1_genomic,18
GCA_028442065.1_ASM2844206v1_genomic,21
GCA_028442105.1_ASM2844210v1_genomic,22
GCA_028442125.1_ASM2844212v1_genomic,20
GCA_028442165.1_ASM2844216v1_genomic,19
GCA_028442215.1_ASM2844221v1_genomic,22
GCA_028442245.1_ASM2844224v1_genomic,19
GCA_028442285.1_ASM2844228v1_genomic,18
GCA_028442325.1_ASM2844232v1_genomic,19
GCA_028442365.1_ASM2844236v1_genomic,18
GCA_028442385.1_ASM2844238v1_genomic,23
GCA_028442405.1_ASM2844240v1_genomic,19
GCA_028442415.1_ASM2844241v1_genomic,20
GCA_028442445.1_ASM2844244v1_genomic,21
GCA_028442485.1_ASM2844248v1_genomic,18
GCA_028442605.1_ASM2844260v1_genomic,20
GCA_028442805.1_ASM2844280v1_genomic,21
GCA_028442865.1_ASM2844286v1_genomic,18
GCA_028443035.1_ASM2844303v1_genomic,24
GCA_028443105.1_ASM2844310v1_genomic,19
GCA_028443125.1_ASM2844312v1_genomic,18
GCA_028443145.1_ASM2844314v1_genomic,20
GCA_028443165.1_ASM2844316v1_genomic,21
GCA_028443185.1_ASM2844318v1_genomic,24
GCA_028443205.1_ASM2844320v1_genomic,20
GCA_028443215.1_ASM2844321v1_genomic,19
GCA_028443275.1_ASM2844327v1_genomic,19
GCA_028443305.1_ASM2844330v1_genomic,19
GCA_028443315.1_ASM2844331v1_genomic,21
GCA_028443375.1_ASM2844337v1_genomic,19
GCA_028443405.1_ASM2844340v1_genomic,20
GCA_028443435.1_ASM2844343v1_genomic,22
GCA_028443485.1_ASM2844348v1_genomic,23
GCA_028443525.1_ASM2844352v1_genomic,20
GCA_028443605.1_ASM2844360v1_genomic,20
GCA_028443645.1_ASM2844364v1_genomic,19
GCA_028443655.1_ASM2844365v1_genomic,23
GCA_028443685.1_ASM2844368v1_genomic,22
GCA_028443705.1_ASM2844370v1_genomic,19
GCA_028443735.1_ASM2844373v1_genomic,19
GCA_028443805.1_ASM2844380v1_genomic,19
GCA_028443835.1_ASM2844383v1_genomic,18
GCA_028443865.1_ASM2844386v1_genomic,18
GCA_028443885.1_ASM2844388v1_genomic,19
GCA_028443965.1_ASM2844396v1_genomic,19
GCA_028444015.1_ASM2844401v1_genomic,19
GCA_028444065.1_ASM2844406v1_genomic,19
GCA_028444165.1_ASM2844416v1_genomic,23
GCA_028444265.1_ASM2844426v1_genomic,21
GCA_028444345.1_ASM2844434v1_genomic,20
GCA_028444365.1_ASM2844436v1_genomic,19
GCA_028444375.1_ASM2844437v1_genomic,22
GCA_028444465.1_ASM2844446v1_genomic,19
GCA_028444485.1_ASM2844448v1_genomic,22
GCA_028444555.1_ASM2844455v1_genomic,19
GCA_028444585.1_ASM2844458v1_genomic,22
GCA_028444625.1_ASM2844462v1_genomic,21
GCA_028444665.1_ASM2844466v1_genomic,18
GCA_028444685.1_ASM2844468v1_genomic,18
GCA_028444715.1_ASM2844471v1_genomic,18
GCA_028444745.1_ASM2844474v1_genomic,20
GCA_028444765.1_ASM2844476v1_genomic,19
GCA_028444785.1_ASM2844478v1_genomic,23
GCA_028444805.1_ASM2844480v1_genomic,22
GCA_028444825.1_ASM2844482v1_genomic,20
GCA_028444845.1_ASM2844484v1_genomic,21
GCA_028444865.1_ASM2844486v1_genomic,20
GCA_028445035.1_ASM2844503v1_genomic,21
GCA_028445075.1_ASM2844507v1_genomic,19
GCA_028445105.1_ASM2844510v1_genomic,21
GCA_028445125.1_ASM2844512v1_genomic,20
GCA_028445185.1_ASM2844518v1_genomic,21
GCA_028445265.1_ASM2844526v1_genomic,18
GCA_028445325.1_ASM2844532v1_genomic,21
GCA_028445345.1_ASM2844534v1_genomic,20
GCA_028445425.1_ASM2844542v1_genomic,21
GCA_028445485.1_ASM2844548v1_genomic,20
GCA_028445525.1_ASM2844552v1_genomic,22
GCA_028445575.1_ASM2844557v1_genomic,20
GCA_028445585.1_ASM2844558v1_genomic,22
GCA_028445645.1_ASM2844564v1_genomic,23
GCA_028445665.1_ASM2844566v1_genomic,20
GCA_028445725.1_ASM2844572v1_genomic,18
GCA_028445765.1_ASM2844576v1_genomic,21
GCA_028445775.1_ASM2844577v1_genomic,21
GCA_028445785.1_ASM2844578v1_genomic,20
GCA_028445795.1_ASM2844579v1_genomic,19
GCA_028445905.1_ASM2844590v1_genomic,18
GCA_028445965.1_ASM2844596v1_genomic,21
GCA_028445975.1_ASM2844597v1_genomic,22
GCA_028446025.1_ASM2844602v1_genomic,19
GCA_028446095.1_ASM2844609v1_genomic,22
GCA_028446105.1_ASM2844610v1_genomic,18
GCA_028446115.1_ASM2844611v1_genomic,20
GCA_028446165.1_ASM2844616v1_genomic,22
GCA_028446405.1_ASM2844640v1_genomic,19
GCA_028446445.1_ASM2844644v1_genomic,19
GCA_028446465.1_ASM2844646v1_genomic,19
GCA_028446485.1_ASM2844648v1_genomic,19
GCA_028447305.1_ASM2844730v1_genomic,20
GCA_028447355.1_ASM2844735v1_genomic,19
GCA_028447425.1_ASM2844742v1_genomic,19
GCA_028447445.1_ASM2844744v1_genomic,19
GCA_028447545.1_ASM2844754v1_genomic,18
GCA_028447595.1_ASM2844759v1_genomic,18
GCA_028447745.1_ASM2844774v1_genomic,22
GCA_028447765.1_ASM2844776v1_genomic,18
GCA_028447785.1_ASM2844778v1_genomic,21
GCA_028447845.1_ASM2844784v1_genomic,21
GCA_028613705.1_ASM2861370v1_genomic,18
GCA_028614195.1_ASM2861419v1_genomic,19
GCA_028614295.1_ASM2861429v1_genomic,18
GCA_028614395.1_ASM2861439v1_genomic,23
GCA_028614465.1_ASM2861446v1_genomic,19
GCA_028614495.1_ASM2861449v1_genomic,16
GCA_028614545.1_ASM2861454v1_genomic,13
GCA_028614625.1_ASM2861462v1_genomic,15
GCA_028657965.1_ASM2865796v1_genomic,11
GCA_028658145.1_PDT001616502.1_genomic,21
GCA_028689455.1_ASM2868945v1_genomic,8
GCA_028710175.1_ASM2871017v1_genomic,7
GCA_028745785.1_ASM2874578v1_genomic,21
GCA_028774645.1_ASM2877464v1_genomic,23
GCA_028878425.1_ASM2887842v1_genomic,19
GCA_028890465.1_ASM2889046v1_genomic,19
GCA_029017525.1_ASM2901752v1_genomic,19
GCA_029024105.1_ASM2902410v1_genomic,12
GCA_029025705.1_ASM2902570v1_genomic,19
GCA_029025845.1_ASM2902584v1_genomic,30
GCA_029100495.1_ASM2910049v1_genomic,17
GCA_029168555.1_ASM2916855v1_genomic,27
GCA_029168575.1_ASM2916857v1_genomic,25
GCA_029223565.1_ASM2922356v1_genomic,21
GCA_029270005.1_ASM2927000v1_genomic,21
GCA_900080165.1_ASM90008016v1_genomic,22
GCA_900088145.1_Acinetobacter_lwoffi_F78_genomic,10
GCA_900093475.1_36734_D01_2_genomic,20
GCA_900095025.1_IMG-taxon_2671180230_annotated_assembly_genomic,15
GCA_900116265.1_IMG-taxon_2675903032_annotated_assembly_genomic,12
GCA_900157395.1_H31506_genomic,20
GCA_900243925.1_K50_genomic,21
GCA_900299105.1_ASM90029910v1_genomic,14
GCA_900323515.1_KPC-SM-21_genomic,22
GCA_900406675.1_De_novo_assembly_of_KCRI_isolate_RDK01_164C_genomic,18
GCA_900406785.1_De_novo_assembly_of_KCRI_isolate_RDK37_35_genomic,25
GCA_900444805.1_58932_B01_genomic,26
GCA_900444825.1_53550_H01_genomic,14
GCA_900444855.1_46338_D01_genomic,11
GCA_900444865.1_57566_G02_genomic,14
GCA_900465415.1_Acinetobacter_baylyi_93A2_genomic,23
GCA_900476825.2_9179_4_3_genomic,21
GCA_900477875.2_9262_1_26_genomic,22
GCA_900493605.1_22036_6_85_genomic,19
GCA_900494705.1_24276_2_152_genomic,21
GCA_900494865.1_24276_2_182_genomic,18
GCA_900495015.1_24276_2_185_genomic,19
GCA_900495045.1_24276_2_190_genomic,18
GCA_900495235.1_24276_2_209_genomic,20
GCA_900495315.1_24276_2_210_genomic,20
GCA_900495605.1_24276_2_244_genomic,19
GCA_900495975.1_24276_2_283_genomic,21
GCA_900496585.1_24276_3_41_genomic,21
GCA_900496675.1_24276_3_45_genomic,19
GCA_901873405.1_Acinetobacter_junii_BgEED01_genomic,13
GCA_901873655.1_Acinetobacter_ursingii_BgEED03_genomic,19
GCA_902363005.1_MGYG-HGUT-00082_genomic,10
GCA_902505955.1_ACIN8IBEIGE_assembly_genomic,15
GCA_902505965.1_ACI8B_assembly_genomic,28
GCA_902705325.1_AB901B6_genomic,19
GCA_902705335.1_AB945B12_genomic,23
GCA_902705485.1_ABKPCSM125_genomic,20
GCA_902825285.1_Q1620_genomic,22
GCA_903971085.1_ASM90397108v1_genomic,26
GCA_904885815.1_Aci00718-181015_contigs_filtered.fa.gz_genomic,24
GCA_904886855.1_Aci00763-181019_contigs_filtered.fa.gz_genomic,20
GCA_904887025.1_Aci00748-181019_contigs_filtered.fa.gz_genomic,27
GCA_904887545.1_Aci00901-181205_contigs_filtered.fa.gz_genomic,22
GCA_904887685.1_Aci00905-181108_contigs_filtered.fa.gz_genomic,20
GCA_905183085.1_QAC21B_genomic,13
GCA_929606335.1_cpe037_genomic,20
GCA_929606855.1_cpe048_genomic,22
GCA_937872055.1_ERR3519525_bin.54_CONCOCT_v1.1_MAG_genomic,10
GCA_937927325.1_H1_Bin_Bin_125_genomic,13
GCA_937976425.1_ERR1474571_bin.17_CONCOCT_v1.1_MAG_genomic,10
GCA_937980675.1_L4_Bin_METABAT_130_1_genomic,9
GCA_943912435.1_9tO97yjBfc_bin.9.MAG_genomic,24
GCA_943912695.1_QygAbub4zM_bin.20.MAG_genomic,9
GCA_943914505.1_glLhpeSuur_bin.16.MAG_genomic,13
GCA_946478025.1_SRR7287198_bin.11_metawrap_v1.3.0_MAG_genomic,12
GCA_947623835.1_Lapin-028_bin26_genomic,7
